latitude,longitude,productivity_change,water_temp,oxygen_level,stocking_density,pond_depth
37.146384423033375,119.91325398283264,10.5,22.570715393978787,5.378818218632727,6.903898832161002,2.901536139585712
45.950699921146544,56.841144446791,3.52,22.73034205350232,7.431684745578071,19.20044478148363,1.2150546380687368
35.46001790148022,36.301681530356525,7.0,21.890800869472088,5.821392700079464,9.61137288451311,1.1699574689396148
46.23269828206764,47.88375391916023,7.0,19.60023513833501,5.998085722405856,17.78799254803555,2.7615658625483315
44.91369810446326,30.609159683817268,7.0,18.41285809624441,8.220555925518978,10.120581165875985,1.126071012953866
41.024570558914526,108.75350727594738,7.0,15.348050088746511,8.809386344241144,8.620997710558719,2.2910940658221257
52.39443997185519,68.9815963950154,7.0,19.184375043150872,7.864135621549092,16.644692475708403,4.988417907881702
43.94271030949462,100.30070502650996,7.0,23.86153552068196,5.288741498538395,18.421099730894483,1.0349509743366556
46.09478861451069,40.3811061875473,7.0,24.809939639464677,5.902301478141652,6.306214086380358,2.8021681643922154
45.79082012002115,35.13639998767834,7.0,16.816380093831814,8.852995728568759,18.743657418317028,2.9614613658094417
40.76822142119828,110.66198845711055,7.0,16.380119497582402,7.466937098316802,16.70029733807565,3.9118687778693455
40.77603395987085,32.82935829347255,0.9,18.373239385921885,8.984257434689688,19.693620494854933,4.009382486844025
50.596921079762645,97.97489259047369,0.41,22.101921969851283,5.347559584042031,13.085415832052048,4.7263552860122005
