latitude,longitude,productivity_change,shade_tolerance,optimal_temp,water_requirement,growing_days
40.20049388813726,99.5067913992501,73.0,0.6607618925776366,19.24201251328321,523.1681741400716,117
39.04335154759894,79.44535919803697,83.0,0.3523930408522076,20.77440486506037,373.20357692959726,81
43.39044928419793,108.55894953674893,58.0,0.6244379469721273,24.49200824798738,743.0012801356854,66
42.47700574576041,132.64124544182363,79.0,0.5043279466303984,23.886359840914643,688.4045909622535,65
39.54518649374262,71.22130402581517,81.0,0.3714535751496357,19.085530149852698,782.5936068822635,115
49.07383900569524,59.35587722655328,99.0,0.6321524146624939,23.990102306839027,516.5591945302879,118
42.86608913079679,48.8008803421751,0.0,0.5449118845017555,18.59731206572201,784.9034287415107,145
56.32585247062123,97.96891530132037,58.0,0.3313698830108563,17.645276030638396,605.8009027433541,153
35.32575615466578,53.05431637629726,81.0,0.6451321352257239,24.116897045251317,540.1465994774746,64
42.45854708213122,47.30543372031475,79.0,0.3436099641097483,24.87263973899101,699.5940130160598,71
59.324308978883394,52.37161120317708,99.0,0.6449959534096353,18.87057842001394,647.1190653606709,118
47.371635712453,45.38051279644152,38.0,0.618435140666999,16.34893056141189,786.6230805794548,105
57.22240166567657,72.97431087547078,90.0,0.6749178133722985,20.40591518902003,485.2134613905434,108
47.87830127458476,116.4173549169387,83.4,0.492137087575651,20.55309584328055,579.8234122332669,66
54.26550220093442,135.46020500482643,100.0,0.4236194529647069,23.63974673972739,416.7725239137865,91
45.45825957926206,74.09913072808962,90.0,0.5369858488521203,16.535218892781277,639.7817425896765,86
43.39706787351778,70.47077171150124,66.0,0.3737819349300861,16.707865149628663,551.1351446873387,86
38.3762061079495,83.39656509926736,80.0,0.3098063732666696,18.1938680936765,730.9904489759934,103
55.8207821860438,56.74433798053138,200.0,0.6318647388138974,16.410398200029775,395.0673422663544,116
54.48117858853999,80.8994161238847,100.0,0.3921942278818588,15.470842560980357,717.854793448953,125
49.54994957214456,49.6235023129826,100.0,0.5438760541178025,24.78053238281401,788.8630805388204,74
55.33306827410725,35.83601140776248,136.0,0.699793513213563,16.76312915389723,465.6932002634973,138
36.87603244632822,92.08429695267708,80.0,0.6226541286186517,15.267782128983924,718.2050720843172,101
38.79681645125059,106.32054972274494,80.0,0.5182671213041097,23.671496017384115,386.7505814620706,89
48.13684404159178,84.53357256105551,80.0,0.3652025320112282,20.67485199366461,670.0102374455275,163
43.084013426116336,99.59891576866885,80.0,0.6986765922071692,20.581848576022274,328.62386481234097,91
35.68962407266743,96.08774795850702,95.0,0.4347362995421421,24.160118478356143,736.5565366102817,101
59.260567023316014,66.05009479830059,102.0,0.5199239801949022,18.851220284058456,593.761865500456,86
49.39970328043761,45.87417130147627,128.0,0.4283344955578295,20.476576448332395,485.2526364453717,87
43.28476614399939,104.62643763730136,128.0,0.5690967638382556,19.588710711317603,793.8345482615234,140
45.76170108697535,103.57546248310253,128.0,0.5872871771505167,16.351010223889766,410.38389704272936,94
59.90410793740924,62.12395407751472,128.0,0.5606254893495796,15.036120521872611,475.7230187520216,159
44.5875846979837,60.14945717935646,76.45,0.3295043527199311,16.32547611862704,787.4428916775921,109
37.924508478902446,117.31348798630556,160.0,0.3374530728701719,24.881009951707128,388.8116224860999,121
46.49679241430822,94.06555965819533,130.0,0.5997190118300542,24.61600109188527,761.0458463132582,174
42.35862867216486,75.05812459175232,120.0,0.6754389047583517,19.484557385814533,639.5835755407329,174
42.02505499033792,76.06111624806522,100.0,0.3043028924150569,23.573106820026982,777.7336644462832,97
47.50597152126707,128.69934844549806,80.0,0.5458470361427955,21.33691832027911,485.2670242330326,152
47.94943439380171,121.04167938330389,80.0,0.5612329976740251,18.40482795421795,642.8148857713941,128
52.99264576967259,30.992718952902745,80.0,0.3549151434476088,24.92039921910391,722.3445615697688,124
52.11079804068868,62.071527370597074,80.0,0.5285216169703149,23.46581096604001,730.5746118953957,128
49.50250149473346,30.126901770385988,80.0,0.498413070132355,16.391252117761002,609.4574445249414,91
56.35826305400448,137.77169928669616,80.0,0.6136976343055152,24.62613444901603,433.0204107283994,76
52.94225889574939,134.14929825595,80.0,0.44237202861827,23.632419230524576,617.7446094229606,74
38.85074607013957,126.5136276337062,80.0,0.4211586389511719,15.907632699809207,423.8611893086504,103
58.57134747941603,103.6923001730122,80.0,0.6575176740876838,23.438376714789545,468.8604171672846,109
55.42384816239798,68.35906368465601,80.0,0.4314167681900423,19.13358562499513,489.2793309638331,68
36.38473201543369,37.79660022850537,80.0,0.4446673519418597,22.44659658486269,570.2377045113445,89
36.32192802421778,102.55876563002978,80.0,0.5742348422165309,18.716294500657064,705.7336522229336,63
44.96799289549148,35.265438756387084,80.0,0.4117038301628221,15.608049453356726,306.71789651358097,110
58.88494442410432,81.50623558492953,80.0,0.6840560234344246,15.71682848479007,510.9173524702899,74
36.7782028626318,99.80851563525992,80.0,0.6276859271140737,17.35860704572514,398.0017218927576,62
44.1255391220443,119.10192877341744,80.0,0.6114794789981184,17.97640367644671,398.51875817689256,131
47.963683408086055,31.20149739873468,80.0,0.371384618596416,24.74511445818097,527.4770647269997,172
53.32489487128532,138.8380795252884,80.0,0.5904790454352378,16.251114816032423,459.6375534375981,60
41.4675197894753,122.460744634393,80.0,0.6391507013787754,18.04440958641039,509.202249232555,151
50.685897696674616,132.96087215832048,80.0,0.4558168068636031,24.250295098070914,304.47058697465206,147
39.9735844922133,50.12112870781699,81.3,0.3998230493765149,18.56290344092065,495.88637789451286,173
37.03361737398284,49.15822478534934,102.7,0.6709112644789147,18.36096380775993,774.4731092386882,146
39.75720794141288,84.071639892339,81.8,0.3583244935203908,17.215768593619245,725.1701967114307,156
46.429053435419775,96.1702693741445,111.0,0.5575619680864149,19.00321687913009,768.2012385174269,145
51.93814774172073,96.7189606657448,94.7,0.4699217968818737,18.041290870607096,718.4382632546033,133
59.773504756047686,134.45477092805191,92.2,0.4875526003973264,19.82810799615863,624.341318517576,176
35.04434283085306,33.22282042048038,91.0,0.4000282216960764,15.801245725858337,703.2378397289482,97
57.30233807329014,114.91438023195089,84.0,0.3151903352050293,16.117452027293858,716.3077776524351,173
40.57561494975901,124.24431906470184,94.0,0.4097753457969679,18.63993699150532,531.49592350914,160
41.415098878730994,103.33303292206,80.0,0.6160720287288691,21.312682647116084,431.8724523015373,119
39.36712471751818,118.98482434883095,90.0,0.540168825681509,19.088897753405043,528.6208854662548,172
52.105184072977714,85.08718141578044,84.0,0.3430654413512773,17.64390443126976,647.0464429791218,92
38.31379794254049,111.09354560013236,61.0,0.3285148159974844,20.332064780936243,346.5497338456274,94
38.02705267916711,125.89839416929448,76.0,0.5000807177189944,24.580837214292465,748.6913702011752,136
49.0854999844642,72.68065512984253,100.0,0.6850201789357655,17.52732690066503,622.7720569468538,168
58.31070052192567,114.37149999791052,90.0,0.3235082046130205,22.31478439394298,785.963705724494,164
55.56617194108075,117.2311485051244,100.0,0.3627471066464831,17.729793060185393,632.1238496017962,100
50.83893421322924,75.32951726267189,100.0,0.5872326718676036,19.35109555536551,680.4953906128446,97
55.05769689497008,55.98490121521444,100.0,0.5207626988771652,23.203627052478904,395.003755409156,110
39.83066524431864,88.40581560092116,90.0,0.3018418752462478,22.992158631526955,585.7610985059273,139
53.15944495442898,95.90925242074954,132.0,0.6628952973127666,21.13835628134945,383.09991987778176,170
37.24387350952297,30.13451622915241,100.0,0.4645369394099972,23.92217591833044,670.0835514702128,66
52.01439760470533,43.84289056210954,233.0,0.6988254037895447,23.708660020170527,647.446128854476,162
56.264568721183686,113.64636584305153,400.0,0.6143483977251903,17.794366968896608,769.1074945428807,71
36.40700404578374,36.69010630219323,111.0,0.5694522631430516,21.08027331744205,588.7092650856096,125
40.39859525522624,54.25699862922235,227.0,0.4737319331703531,19.84938208717122,651.292675728255,151
52.75585061103364,58.427357153387874,74.0,0.5449155752559249,23.034882846002088,566.8956468271194,154
48.60909714390484,95.81721104036272,71.0,0.6398512404912826,16.208883016469564,517.4539074010725,163
38.6154141283281,64.93393058291635,90.0,0.3889474320613594,18.448349085705527,500.0450493919074,67
47.736067901106495,41.05973728312513,114.0,0.5714298176781205,23.99519119388201,748.7583878789719,107
49.57891928684789,116.57341213631229,131.4,0.6156712866720861,20.52945658711151,403.2959725870398,69
41.55134784322562,86.55740576475117,127.89,0.3635227812519191,17.419271344392868,660.1827556400472,127
44.07356492822412,85.80566080757609,132.0,0.3830201767117929,20.251571221914645,405.7183117407554,166
45.78687991964303,125.13666964478936,94.0,0.693191915382162,23.35652069759922,482.9657742699381,149
50.1555250925382,118.90315573762368,100.0,0.6114120676850581,19.49288212253981,435.78550672619065,107
40.86669921007971,110.27798733989349,100.0,0.4347501216388221,15.884499086940613,686.4691158204738,110
48.080825950381445,125.77520622723496,100.0,0.5087926081750918,22.27045699306303,482.7816998613404,120
