latitude,longitude,productivity_change,tree_height,canopy_density,growth_rate,wood_density
45.95427435869363,76.96349626516763,56.0,13.815999990441886,0.8968386292961916,1.9632121163104557,0.7662417519157202
58.18922358626827,94.05453717270412,66.0,19.44433218254664,0.5708749256564323,0.6685047653174792,0.7536936258598942
54.36824275006177,64.56387387160817,56.0,28.724021179610315,0.4946553180328855,0.6562494655478566,0.7582974169383141
57.36483942214545,124.61450646356262,66.0,21.583838489390104,0.491747195013311,1.653547316182404,0.4314144692556707
47.02959572998606,115.98926930117722,56.0,29.38583067991206,0.8305250573415554,0.8008300113351186,0.6832152021750917
35.192307780759734,77.83007789719129,66.0,19.78188024178081,0.4125160210150859,1.5335116495503185,0.4457988465909103
58.29998428671379,124.5611534718626,56.0,13.016098115382324,0.7933394168167041,0.7167008024063211,0.6162340636986318
43.21416097402528,35.781845802764934,66.0,17.710337195565696,0.6542082263364547,1.1558464738639604,0.7599740807764239
39.84599834559204,55.45159462032021,56.0,20.625203663353723,0.431209728621962,1.5965170856897872,0.7909912637334311
36.01200716164344,46.51143130700702,66.0,9.642871249219484,0.5830085864388085,1.5463969912968665,0.488004442953402
41.11771985229191,69.46125905153477,56.0,15.557173877685146,0.5930418549348985,1.7573626757579364,0.7091156322700678
39.15237004043257,121.7406103360392,66.0,6.38918292602907,0.5828893568854676,1.1990583633216207,0.4400380329799562
37.57385121173894,116.11757278007204,56.0,26.81808364384534,0.5679663854377266,1.7140645518221893,0.4014476928034489
41.768734493520185,135.36341066605328,66.0,11.425817852743512,0.7079527602775287,0.5629689435576319,0.754303316047615
45.35681823244779,43.18054442281904,56.0,6.34369179057689,0.6605397379302577,1.5824565831277733,0.774185308225749
51.71397823215942,108.16778732173756,66.0,28.650086226027057,0.6048831814405622,1.724986117135618,0.7173047098976837
38.315967623959885,81.59305304459195,56.0,8.08262002101332,0.5026102877093479,1.2845459967986277,0.7321707265306425
40.368926682243874,99.27970861901966,66.0,13.855413705328404,0.8160587170643313,0.5028927184156731,0.6929001645646355
35.756252098861424,51.46280537756709,56.0,25.596152910877567,0.8324551973362737,0.9897300761249956,0.7052102101302692
46.20452454780186,117.80778820274878,66.0,22.786449529926696,0.8233269040695157,1.7439283110222852,0.712318929789912
37.3486030524397,84.91778869164861,56.0,23.995467670323546,0.8358464718665908,1.7814482812739736,0.6720015152257983
58.91241682841312,138.6742725974353,66.0,17.115435614179578,0.5571544554868291,0.5689321574098496,0.4938032172442057
35.694789649523955,70.30817409865683,56.0,25.951195540121795,0.6776732425174125,0.8779089120139953,0.5277784765407441
44.28853974627322,38.71933938326855,66.0,26.725417093642108,0.897089658422803,1.098089307294674,0.5933246753671217
39.61714650458448,99.17267297164253,56.0,5.227567810272025,0.8218347053877519,1.5402491375602885,0.6383569130437244
53.674442331358506,119.24333479195742,66.0,9.60137197801093,0.609153374813354,0.8752434764374878,0.5722276708699328
35.823369845987536,130.20960307913566,56.0,6.352544027341909,0.4951142297383847,1.3450065599566476,0.6164767303786827
48.379384892764,71.64724993328704,66.0,5.923572624712649,0.8008116031247543,0.9315987147151196,0.6012572075826301
39.49519634475058,71.96885042047228,56.0,6.760265085261392,0.8412422121318752,1.8333545380617884,0.6976530027722376
54.533556554442754,96.75673034699712,66.0,19.481626967416247,0.5303514947616903,1.7038748784540647,0.5243612473330427
